duns_no,Name_General:ab,SIC_General:cd,SIC extension_General:ce,SheetName,id
999999999,SAMPLE INDIA LIMITED,2834,0000,Gen_SIC,-1
999999999,SAMPLE INDIA LIMITED,2834,0604,Gen_SIC,-2
999999999,SAMPLE INDIA LIMITED,2834,9902,Gen_SIC,-3
999999999,SAMPLE INDIA LIMITED,2834,9905,Gen_SIC,-4
999999999,SAMPLE INDIA LIMITED,2834,9907,Gen_SIC,-5
999999999,SAMPLE INDIA LIMITED,2834,9910,Gen_SIC,-6
999999999,SAMPLE INDIA LIMITED,2834,0000,Gen_SIC,-7
999999999,SAMPLE INDIA LIMITED,2834,0200,Gen_SIC,-8
999999999,SAMPLE INDIA LIMITED,2834,0100,Gen_SIC,-9
