duns_no,Name_General:ab,Membership details_General:HP,Membership number_General:HQ,Valid from_General:HR,Valid till_General:HS,SheetName,id
999999999,SAMPLE INDIA LIMITED,Indian Drug Manufacturers Association,,,,Gen_Membership,-1
999999999,SAMPLE INDIA LIMITED,Pharmaceuticals Manufacturers Association of Tamil Nadu,,,,Gen_Membership,-2
999999999,SAMPLE INDIA LIMITED,Pharmaceutical Export Promotion Council,,,,Gen_Membership,-3
999999999,SAMPLE INDIA LIMITED,Federation of Indian Exports Organization,,,,Gen_Membership,-4
999999999,SAMPLE INDIA LIMITED,Madras Chamber of Commerce and Industry,,,,Gen_Membership,-5
999999999,SAMPLE INDIA LIMITED,Confederation of Indian Industries,,,,Gen_Membership,-6
