duns_no,Name_General:ab,Major customer name_General:ep,Country_General:eq,% sales_General:es,Length of relationship_General:PR,SheetName,id
999999999,SAMPLE INDIA LIMITED,Nuevous Eticos Neoethicals S.A.,Guatemala,10,9,Gen_CustomerTable,-1
999999999,SAMPLE INDIA LIMITED,Drogueria Saimed S.A De C.V.,El Salvador,15,9,Gen_CustomerTable,-2
999999999,SAMPLE INDIA LIMITED,Neo Ethicals S.A.,Nicaragua,10,9,Gen_CustomerTable,-3
999999999,SAMPLE INDIA LIMITED,Drogueria Saimed de Honduras S.A.,Honduras,12,9,Gen_CustomerTable,-4
999999999,SAMPLE INDIA LIMITED,Drogueria Saimed de Honduras S.A.,Ecuador,14,9,Gen_CustomerTable,-5
