duns_no,Name_General:ab,Type of award_General:TA,Category_General:AC,Awardees_General:AE,Awarder_General:AW,Year1_General:AY,SheetName,id
999999999,SAMPLE INDIA LIMITED,Ranked #1 in India across industries for average R&D spend as a percentage of revenue in the past 5 years 2020.,,,,,Gen_Award,-1
999999999,SAMPLE INDIA LIMITED,"Empowering India Awards 2019 for Pharmaceuticals, Healthcare and Biotechnology.",,,,,Gen_Award,-2
999999999,SAMPLE INDIA LIMITED,The Economics Times Award for excellence in Business Performance 2019.,,,,,Gen_Award,-3
999999999,SAMPLE INDIA LIMITED,"The Company received approval from Colombia through a mutual recognition policy with EU, for the injectable plant",,,,,Gen_Award,-4
999999999,SAMPLE INDIA LIMITED,The Company received approval from World Health Organization - Good Manufacturing Practices (WHO-GMP).,,,,,Gen_Award,-5
999999999,SAMPLE INDIA LIMITED,The Company received approval from Colombia-INVIMA.,,,,,Gen_Award,-6
