duns_no,Name_General:ab,Country#_General:dz,Region#_General:ea,%_General:ec,SheetName,id
999999999,SAMPLE INDIA LIMITED,Saudi Arabia,,,Gen_CountrywiseExport,-1
999999999,SAMPLE INDIA LIMITED,Guatemala,,,Gen_CountrywiseExport,-2
999999999,SAMPLE INDIA LIMITED,El Salvador,,,Gen_CountrywiseExport,-3
999999999,SAMPLE INDIA LIMITED,Nicaragua,,,Gen_CountrywiseExport,-4
999999999,SAMPLE INDIA LIMITED,Honduras,,,Gen_CountrywiseExport,-5
999999999,SAMPLE INDIA LIMITED,Venezuela,,,Gen_CountrywiseExport,-6
999999999,SAMPLE INDIA LIMITED,Haiti,,,Gen_CountrywiseExport,-7
999999999,SAMPLE INDIA LIMITED,Dominican Republic,,,Gen_CountrywiseExport,-8
999999999,SAMPLE INDIA LIMITED,United States,,,Gen_CountrywiseExport,-9
999999999,SAMPLE INDIA LIMITED,United Kingdom,,,Gen_CountrywiseExport,-10
999999999,SAMPLE INDIA LIMITED,South Africa,,,Gen_CountrywiseExport,-11
999999999,SAMPLE INDIA LIMITED,United States,,,Gen_CountrywiseExport,-12
