duns_no,Name_General:ab,Corporate holder / proprietor / Partner_History:ib,Ord shares held(number)_History:ik,% held_History:im,Pref shares held (number)_History:io,% held_History:iq,SheetName,id
999999999,SAMPLE INDIA LIMITED,P Vijayalakshmi,,23.6,,,History_Sharehold,-1
999999999,SAMPLE INDIA LIMITED,Chingelput Chellappan Paarthipan,,18.7,,,History_Sharehold,-2
999999999,SAMPLE INDIA LIMITED,Ashok Gorkey partheeban,,11.94,,,History_Sharehold,-3
999999999,SAMPLE INDIA LIMITED,Partheeban Vivek Siddarth,,11.88,,,History_Sharehold,-4
999999999,SAMPLE INDIA LIMITED,May India Property Private Limited,,2.79,,,History_Sharehold,-5
999999999,SAMPLE INDIA LIMITED,Foreign Portfolio Investors,,2.11,,,History_Sharehold,-6
999999999,SAMPLE INDIA LIMITED,Mutual Funds,,1.16,,,History_Sharehold,-7
999999999,SAMPLE INDIA LIMITED,Alternate Investment Funds,,0.05,,,History_Sharehold,-8
999999999,SAMPLE INDIA LIMITED,Financial Institutions/ Banks ,,0.0,,,History_Sharehold,-9
999999999,SAMPLE INDIA LIMITED,Individual share capital upto Rs. 2 Lacs,,14.24,,,History_Sharehold,-10
999999999,SAMPLE INDIA LIMITED,Individual share capital in excess of Rs. 2 Lacs ,,6.55,,,History_Sharehold,-11
999999999,SAMPLE INDIA LIMITED,Bodies Corporate,,1.84,,,History_Sharehold,-12
999999999,SAMPLE INDIA LIMITED,Clearing Members,,0.06,,,History_Sharehold,-13
999999999,SAMPLE INDIA LIMITED,IEPF,,2.45,,,History_Sharehold,-14
999999999,SAMPLE INDIA LIMITED,LLP,,0.82,,,History_Sharehold,-15
999999999,SAMPLE INDIA LIMITED,HUF,,0.22,,,History_Sharehold,-16
999999999,SAMPLE INDIA LIMITED,Overseas Corporate Bodies,,0.3,,,History_Sharehold,-17
999999999,SAMPLE INDIA LIMITED,Trusts,,0.0,,,History_Sharehold,-18
999999999,SAMPLE INDIA LIMITED,Other Non-Institutions,,1.29,,,History_Sharehold,-19
