duns_no,Name_General:ab,Update date_Mgmtbac:EB,CEO_Mgmtbac:EC,Salutation_Mgmtbac:ED,First Name_Mgmtbac:EE,Middle Name_Mgmtbac:EF,Surname_Mgmtbac:EG,Current Title_Mgmtbac:FP,Identity Type_Mgmtbac:EK,Identity Number_Mgmtbac:EL,SheetName,sid
999999999,SAMPLE INDIA LIMITED,2022-07-28,0,Dr,Sridhar ,,Ganesan,Managing Director,identity number,06819026,Mgmt Loop_Non Loop,-1
999999999,SAMPLE INDIA LIMITED,2022-07-28,0,Mrs,Durga ,Prasanna ,Mishra,Director,identity number,02032818,Mgmt Loop_Non Loop,-2
999999999,SAMPLE INDIA LIMITED,2022-07-28,0,Dr,Komattu ,Chacko ,John,Director,identity number,01067374,Mgmt Loop_Non Loop,-3
999999999,SAMPLE INDIA LIMITED,2022-07-28,0,Mr,V. ,,Thirumalai,Director,identity number,03015619,Mgmt Loop_Non Loop,-4
999999999,SAMPLE INDIA LIMITED,2022-07-28,0,Mr,Rengaraj ,,Viswanathan,Director,identity number,07173713,Mgmt Loop_Non Loop,-5
999999999,SAMPLE INDIA LIMITED,2022-07-28,0,Mr,Damodaran ,,Sathyanarayanan,Director,identity number,07650566,Mgmt Loop_Non Loop,-6
999999999,SAMPLE INDIA LIMITED,2022-07-28,0,Mrs,Gariyali ,,Chanderkanta,Director,identity number,08711546,Mgmt Loop_Non Loop,-7
999999999,SAMPLE INDIA LIMITED,2022-07-28,1,Mr,Paarthipan ,Chingelput ,Chellappan,Chairman,identity number,01218784,Mgmt Loop_Non Loop,-8
