duns_no,Name_General:ab,Subsidiary DUNS_Relcon:CF,Subsidiary company name_Relcon:CG,Address 1_Relcon:CJ,Address 2_Relcon:CK,City_Relcon:CO,State _Relcon:CQ,Post code_Relcon:CR,Country_Relcon:CS,% of shares owned_Relcon:CW,SheetName,id
999999999,SAMPLE INDIA LIMITED,,Caplin Steriles Limited,"Ashvich Towers, No. 3 Developed Plots",Industrial Estate Perungudi,Chennai,Tamil Nadu,600 096,India,99.99,Rel_Subsidiary,-1
999999999,SAMPLE INDIA LIMITED,,Argus Salud Pharma LLP,NARBHAVI” No.3,Lakshmanan Street. T. Nagar,Chennai,Tamil Nadu,,,99.9,Rel_Subsidiary,-2
999999999,SAMPLE INDIA LIMITED,,Caplin Point Laboratories Colombia SAS,CR 15 No. 93-75 Oficine 408,,,,,Colombia,85.83,Rel_Subsidiary,-3
999999999,SAMPLE INDIA LIMITED,,Caplin Point Far East Limited,"Room 609, 6th Floor, Hong Kong Plaza",188 Connaught Road West,,,,Hong Kong,100.0,Rel_Subsidiary,-4
999999999,SAMPLE INDIA LIMITED,,Caplin Point (S) Pte Limited.,"7500A, Beach Road, # 11-303 the plaza",,,,199591,Singapore,100.0,Rel_Subsidiary,-5
