duns_no,Name_General:ab,Address 1_Relcon:yg,Address 2_Relcon:yh,City_Relcon:yi,State _Relcon:yj,Post code_Relcon:yf,Country_Relcon:yk,Branch location type 1_Relcon:ym,"Owned, leased, rented_Relcon:zf",Size in Sq mtrs._Relcon:zj,SheetName,id
999999999,SAMPLE INDIA LIMITED,"85/3, Suthukeny Village ",Mannadipet Commune Panchayat,Puduchery,Tamil Nadu,605502,India,,Owned,174240.0,Rel_Branch,-1
999999999,SAMPLE INDIA LIMITED,"No 19, Chinnapuliyur Village",Sirupuzhalpettai (Post) Gummidipoondi Taluk ,,Tamil Nadu,601201,India,,Owned,23084.0,Rel_Branch,-2
999999999,SAMPLE INDIA LIMITED,Survey No.895 & 897 Guruvarajakandigai Village,Sirupuzhalpettai (Post) Gummidipoondi Taluk,Thiruvallur,Tamil Nadu,601201,India,,,,Rel_Branch,-3
999999999,SAMPLE INDIA LIMITED,"Plot No. 44, 8th Avenue Domestic ","Tariff Area, Mahindra World City (Post) Chengalpattu Taluk",Kanchipuram ,Tamil Nadu,603004,India,,,,Rel_Branch,-4
999999999,SAMPLE INDIA LIMITED,Ashvich Towers 1st Floor and 2nd Floor,"No. 3, Developed Plots Industrial Estate, Perungudi",Chennai,Tamil Nadu,600096,India,,,,Rel_Branch,-5
999999999,SAMPLE INDIA LIMITED,"4B, Fourth Floor, Exotica  New No. 51 Old No. 24","Venkatanarayana Road, T Nagar ",Chennai,Tamil Nadu,600017,India,,,,Rel_Branch,-6
999999999,SAMPLE INDIA LIMITED,"Module no.307 & 308, 3rd Floor","Ticel Park, Phase II CSIR Road, Taramani",Chennai,Tamil Nadu,600113,India,,,,Rel_Branch,-7
999999999,SAMPLE INDIA LIMITED,"Ashvich Towers No. 3, Developed Plots ","Industrial Estate, Perungudi",Chennai,Tamil Nadu,600096,India,,,,Rel_Branch,-8
999999999,SAMPLE INDIA LIMITED,"4th Floor, Plot No. 95 & 96
Road No. 9, ",ALEAP Industrial Estates Gajularamaram Village (PO),Hyderabad,Telangana,500090,India,,,,Rel_Branch,-9
