duns_no,Name_General:ab,Report date_Supplier:la,Supplier name_Supplier:lg,Country_Supplier:li,% of total purchases_Supplier:lx,Length of relationship_Supplier:ly,SheetName,id
999999999,SAMPLE INDIA LIMITED,2022-07-28,CSPC Zhongnuo Pharmaceutical (Shijiazhuang) Company Limited,China (People's Republic),,9,Supplier looping,-1
999999999,SAMPLE INDIA LIMITED,2022-07-28,CSPC Ouyi Pharmaceutical Company Limited,China (People's Republic),,9,Supplier looping,-2
999999999,SAMPLE INDIA LIMITED,2022-07-28,Argus Salud Pharma LLP,India,,9,Supplier looping,-3
999999999,SAMPLE INDIA LIMITED,2022-07-28,Hebei Jiheng (Group) Company Limited,China (People's Republic),,9,Supplier looping,-4
999999999,SAMPLE INDIA LIMITED,2022-07-28,Reyoung Pharmaceutical Company Limited,China (People's Republic),,9,Supplier looping,-5
